Time [s],Channel 0
0.000080562,0
2.074352562,0
