{
    "A25": {
        "depth_02": {
            "switching_time_s": 0.21104332400000025,
            "avg_power_W": 0.8331452837637033,
            "energy_J": 0.17582937562079315
        },
        "depth_04": {
            "switching_time_s": 0.2354753460000003,
            "avg_power_W": 0.8273014334995787,
            "energy_J": 0.19480865920000526
        },
        "depth_06": {
            "switching_time_s": 0.2526690220000001,
            "avg_power_W": 0.830795116921292,
            "energy_J": 0.2099159996912216
        },
        "depth_08": {
            "switching_time_s": 0.2764786540000017,
            "avg_power_W": 0.852888712928069,
            "energy_J": 0.2358052686512467
        },
        "depth_10": {
            "switching_time_s": 0.29365279599999994,
            "avg_power_W": 0.8585630972032277,
            "energy_J": 0.252119146156709
        },
        "depth_12": {
            "switching_time_s": 0.3047765299999998,
            "avg_power_W": 0.865073110275118,
            "energy_J": 0.2636537649024332
        }
    },
    "A50": {
        "depth_02": {
            "switching_time_s": 0.4487084219999997,
            "avg_power_W": 0.8775915214129381,
            "energy_J": 0.3937822455471952
        },
        "depth_04": {
            "switching_time_s": 0.510507724,
            "avg_power_W": 0.8625552450706307,
            "energy_J": 0.4403406280224328
        },
        "depth_06": {
            "switching_time_s": 0.5636817660000002,
            "avg_power_W": 0.8588300877913557,
            "energy_J": 0.4841067217104065
        },
        "depth_08": {
            "switching_time_s": 0.6204419519999984,
            "avg_power_W": 0.8699207844498965,
            "energy_J": 0.5397350506224581
        },
        "depth_10": {
            "switching_time_s": 0.6810531060000002,
            "avg_power_W": 0.8870267892384077,
            "energy_J": 0.6041120433583709
        },
        "depth_12": {
            "switching_time_s": 0.7245360439999988,
            "avg_power_W": 0.8912310521139046,
            "energy_J": 0.6457286708848515
        }
    },
    "A75": {
        "depth_02": {
            "switching_time_s": 0.7865726840000002,
            "avg_power_W": 0.8526029968157544,
            "energy_J": 0.6706337822592039
        },
        "depth_04": {
            "switching_time_s": 0.906401646,
            "avg_power_W": 0.870732165212418,
            "energy_J": 0.7892327167183735
        },
        "depth_06": {
            "switching_time_s": 1.0250506179999999,
            "avg_power_W": 0.8655598292673484,
            "energy_J": 0.887242316574337
        },
        "depth_08": {
            "switching_time_s": 1.1236077820000006,
            "avg_power_W": 0.8730315311821292,
            "energy_J": 0.9809446223168348
        },
        "depth_10": {
            "switching_time_s": 1.253142552,
            "avg_power_W": 0.8674283551519761,
            "energy_J": 1.087010979673624
        },
        "depth_12": {
            "switching_time_s": 1.3331401020000015,
            "avg_power_W": 0.8757108420455954,
            "energy_J": 1.167444981388822
        }
    },
    "A100": {
        "depth_02": {
            "switching_time_s": 1.2132874120000001,
            "avg_power_W": 0.8424306692599071,
            "energy_J": 1.0221104412656064
        },
        "depth_04": {
            "switching_time_s": 1.4095047220000003,
            "avg_power_W": 0.8423226545609669,
            "energy_J": 1.187257418851226
        },
        "depth_06": {
            "switching_time_s": 1.605878989999999,
            "avg_power_W": 0.847637759416799,
            "energy_J": 1.3612033923839602
        },
        "depth_08": {
            "switching_time_s": 1.7970462460000007,
            "avg_power_W": 0.8549913927789764,
            "energy_J": 1.5364586118511905
        },
        "depth_10": {
            "switching_time_s": 2.030223979999999,
            "avg_power_W": 0.8464115764959925,
            "energy_J": 1.7184048253504165
        },
        "depth_12": {
            "switching_time_s": 2.2011243640000018,
            "avg_power_W": 0.8608501388940984,
            "energy_J": 1.8948380432017005
        }
    },
    "A125": {
        "depth_02": {
            "switching_time_s": 1.7465468999999998,
            "avg_power_W": 0.8508886719110569,
            "energy_J": 1.48611668402401
        },
        "depth_04": {
            "switching_time_s": 2.0070868540000006,
            "avg_power_W": 0.8669430126562743,
            "energy_J": 1.740029489043197
        },
        "depth_06": {
            "switching_time_s": 2.3745817900000006,
            "avg_power_W": 0.8573150359345759,
            "energy_J": 2.035764610243081
        },
        "depth_08": {
            "switching_time_s": 2.6583317920000002,
            "avg_power_W": 0.817005326783621,
            "energy_J": 2.171870780939181
        },
        "depth_10": {
            "switching_time_s": 2.9295087740000003,
            "avg_power_W": 0.811214377396784,
            "energy_J": 2.376459346580763
        },
        "depth_12": {
            "switching_time_s": 3.2145867819999996,
            "avg_power_W": 0.8903550675456068,
            "energy_J": 2.8621231629024564
        }
    },
    "A150": {
        "depth_02": {
            "switching_time_s": 2.343791044,
            "avg_power_W": 0.8125337466548211,
            "energy_J": 1.904409043977593
        },
        "depth_04": {
            "switching_time_s": 2.7616541120000004,
            "avg_power_W": 0.8225605665833426,
            "energy_J": 2.2716274738943163
        },
        "depth_06": {
            "switching_time_s": 3.2420676120000014,
            "avg_power_W": 0.9101455439092151,
            "energy_J": 2.9507530355230305
        },
        "depth_08": {
            "switching_time_s": 3.6524068240000003,
            "avg_power_W": 0.8237081401098725,
            "energy_J": 3.0085168751264773
        },
        "depth_10": {
            "switching_time_s": 4.158049312000001,
            "avg_power_W": 0.8592366214310957,
            "energy_J": 3.572747904401689
        },
        "depth_12": {
            "switching_time_s": 4.471756679999999,
            "avg_power_W": 0.8424850764531794,
            "energy_J": 3.767387788931313
        }
    }
}