Time [s],Channel 0
0.000000000,1
0.004133790,0
0.207463620,1
0.216045980,0
0.419402240,1
0.428009710,0
0.631401160,1
0.631401170,0
0.631405900,1
0.640010440,0
0.842279060,1
0.842279070,0
0.842283850,1
0.850884820,0
1.054449460,1
1.054449470,0
1.054454310,1
1.063047330,0
1.266458320,1
1.266458330,0
1.266463350,1
1.275089320,0
1.478473930,1
1.478473940,0
1.478478710,1
1.487049780,0
1.690402720,1
1.690402730,0
1.690407660,1
1.699012750,0
1.901912780,1
1.910550660,0
2.078801920,0
