Time [s],Channel 0
0.000000000,0
0.091562100,1
0.091562120,0
0.091566780,1
0.124724110,0
0.329184720,1
0.329184730,0
0.329189370,1
0.362234090,0
0.565534060,1
0.598697420,0
0.802187680,1
0.802187690,0
0.802192580,1
0.835323620,0
1.038735760,1
1.038735770,0
1.038740780,1
1.071977620,0
1.275609650,1
1.275609660,0
1.275614370,1
1.308728370,0
1.512319560,1
1.512319570,0
1.512324390,1
1.545479220,0
1.748595340,1
1.748595350,0
1.748600150,1
1.781729910,0
1.984785110,1
2.017899710,0
2.078801920,0
