Time [s],Channel 0
0.000080562,0
12.902041600,0
