Time [s],Channel 0
0.000000000,0
0.156392920,1
0.156392930,0
0.156397800,1
0.167864940,0
0.373276410,1
0.384739820,0
0.587743340,1
0.587743350,0
0.587747930,1
0.599240740,0
0.802375780,1
0.813794280,0
1.017726570,1
1.029170970,0
1.232410160,1
1.232410170,0
1.232415040,1
1.243867900,0
1.447421590,1
1.447421600,0
1.447426460,1
1.458921520,0
1.662731500,1
1.662731510,0
1.662736320,1
1.674244100,0
1.877408520,1
1.877408530,0
1.877413330,1
1.888869810,0
2.078801920,0
