Time [s],Channel 0
0.000080562,0
30.294727680,0
