{
  "top1": 0.4995846123243378,
  "top5": 0.7365155019560274,
  "precision": 0.525042347910181,
  "recall": 0.4986260179963878,
  "inf_ms": 1.7918227718637507
}