{
  "top1": 0.5556326958855168,
  "top5": 0.7803398768268281,
  "precision": 0.5761357553927781,
  "recall": 0.5547286971562001,
  "inf_ms": 6.8455010531712865
}