{
  "top1": 0.5032470445069368,
  "top5": 0.7402598415676301,
  "precision": 0.5273012621247499,
  "recall": 0.5023126427026512,
  "inf_ms": 2.0308771209787655
}