{
  "top1": 0.5191643882100107,
  "top5": 0.7516878780905428,
  "precision": 0.5503463084723708,
  "recall": 0.5181696205688461,
  "inf_ms": 3.1734294727101204
}