{
  "top1": 0.5394423274190969,
  "top5": 0.7659865749823509,
  "precision": 0.5618436479709203,
  "recall": 0.5384663535522312,
  "inf_ms": 7.04381868162707
}