{
  "top1": 0.5450510361289769,
  "top5": 0.7730033114003441,
  "precision": 0.5676714838921504,
  "recall": 0.5440756744916552,
  "inf_ms": 5.115366989006674
}