{
  "top1": 0.5570446239473921,
  "top5": 0.7790020554864326,
  "precision": 0.5773915756002965,
  "recall": 0.5561549205342612,
  "inf_ms": 7.720128301247595
}