{
  "top1": 0.5338726222468377,
  "top5": 0.7664741192026117,
  "precision": 0.5582100268076496,
  "recall": 0.5328458666016893,
  "inf_ms": 3.415391059093037
}