{
  "top1": 0.4542508005476097,
  "top5": 0.6948246205930878,
  "precision": 0.4879297651309084,
  "recall": 0.4531539706573192,
  "inf_ms": 1.1361544677300348
}