{
  "top1": 0.5376286629197268,
  "top5": 0.7642158143743637,
  "precision": 0.5635759026858409,
  "recall": 0.5366388743259838,
  "inf_ms": 4.260796805432121
}