{
  "top1": 0.5431008592479338,
  "top5": 0.7692316693124066,
  "precision": 0.5649181747642997,
  "recall": 0.5421623310502766,
  "inf_ms": 5.56493251182452
}