{
  "top1": 0.4700394325765347,
  "top5": 0.7097005698416846,
  "precision": 0.4982514891982988,
  "recall": 0.46889521829084,
  "inf_ms": 1.727181102658031
}