{
  "top1": 0.5278504760381767,
  "top5": 0.7600385354951694,
  "precision": 0.5535959006238507,
  "recall": 0.526808885779389,
  "inf_ms": 2.6187661082784968
}