{
  "top1": 0.3418270037092364,
  "top5": 0.5852519823547996,
  "precision": 0.3513641346966383,
  "recall": 0.34100970826988325,
  "inf_ms": 0.5215448860189427
}