{
  "top1": 0.44035774044705855,
  "top5": 0.6826438157940925,
  "precision": 0.4681300974852231,
  "recall": 0.4391775675417097,
  "inf_ms": 0.8966871583359888
}