{
  "top1": 0.5445088869560469,
  "top5": 0.7719190130544841,
  "precision": 0.567203241950269,
  "recall": 0.5435935313878016,
  "inf_ms": 4.967049363684159
}