{
  "top1": 0.5235171830084989,
  "top5": 0.7550577837409853,
  "precision": 0.5477638305942193,
  "recall": 0.5224644385601598,
  "inf_ms": 3.8136164444281215
}