{
  "top1": 0.5472391345895072,
  "top5": 0.775714057264994,
  "precision": 0.5674946274393072,
  "recall": 0.5463261076913093,
  "inf_ms": 4.365167860241492
}