{
  "top1": 0.46459063837090026,
  "top5": 0.7058977249236505,
  "precision": 0.49529880199983395,
  "recall": 0.46336189224320573,
  "inf_ms": 1.3766683058040272
}