{
  "top1": 0.5312047802735708,
  "top5": 0.7612242430388436,
  "precision": 0.5518490568768342,
  "recall": 0.5302375411189933,
  "inf_ms": 4.79706083901898
}