{
  "top1": 0.5048188870730576,
  "top5": 0.7398698061914215,
  "precision": 0.5260959168228457,
  "recall": 0.5038051011932498,
  "inf_ms": 2.5081702922736167
}