{
  "top1": 0.3605955060123953,
  "top5": 0.6043013101288287,
  "precision": 0.37445208300186017,
  "recall": 0.359629353244149,
  "inf_ms": 0.6472322258918316
}