{
  "top1": 0.5542051664085933,
  "top5": 0.7781010737673907,
  "precision": 0.5751384459621225,
  "recall": 0.5533462960309753,
  "inf_ms": 5.980085625962978
}