{
  "top1": 0.3237761664983014,
  "top5": 0.5638507412622324,
  "precision": 0.3478855392115554,
  "recall": 0.32269335838586233,
  "inf_ms": 0.5629952592062197
}