{
  "top1": 0.5064648363606579,
  "top5": 0.7396981906258898,
  "precision": 0.5348028414336413,
  "recall": 0.5055572152562761,
  "inf_ms": 2.2216475983921424
}