{
  "top1": 0.5090624719662074,
  "top5": 0.7429276835408971,
  "precision": 0.5333961214146958,
  "recall": 0.5080264219290809,
  "inf_ms": 3.1320941125610093
}