{
  "top1": 0.535058329790512,
  "top5": 0.7641885118980292,
  "precision": 0.5601094047413986,
  "recall": 0.5342020046839714,
  "inf_ms": 3.7695320952255558
}