{
  "top1": 0.3573465113285775,
  "top5": 0.598119249415922,
  "precision": 0.38858081224790736,
  "recall": 0.3562830881164898,
  "inf_ms": 0.85532383562633
}