{
  "top1": 0.3646830767550617,
  "top5": 0.6116807794466959,
  "precision": 0.3764483731614754,
  "recall": 0.36370017497156754,
  "inf_ms": 0.6851788464978575
}