{
  "top1": 0.48786404926926874,
  "top5": 0.7255984117759481,
  "precision": 0.5123164370025262,
  "recall": 0.4868046823106319,
  "inf_ms": 1.5519243733799803
}