{
  "top1": 0.46773432350314176,
  "top5": 0.7117482555667799,
  "precision": 0.49134724348363956,
  "recall": 0.466665837902018,
  "inf_ms": 1.0162835539800097
}