{
  "top1": 0.5150339135759613,
  "top5": 0.7492150538053801,
  "precision": 0.5391938429277345,
  "recall": 0.5139868388413488,
  "inf_ms": 2.2695753008100756
}