{
  "top1": 0.36517452132908457,
  "top5": 0.6082250660134875,
  "precision": 0.38701567283402144,
  "recall": 0.36414112572275714,
  "inf_ms": 0.6039030909792478
}