{
  "top1": 0.5525748185360412,
  "top5": 0.7768802630398577,
  "precision": 0.5737864663876537,
  "recall": 0.5515842415622924,
  "inf_ms": 8.628229127780791
}