{
  "top1": 0.5371723215295627,
  "top5": 0.7676754281613343,
  "precision": 0.5582856497075807,
  "recall": 0.5360529994196369,
  "inf_ms": 3.0178909147057653
}