{
  "top1": 0.47132654931802315,
  "top5": 0.7124581199514796,
  "precision": 0.4963130682918916,
  "recall": 0.47013033548326155,
  "inf_ms": 1.2564390782908854
}