Time [s],Channel 0
0.000000000,0
0.012898820,1
0.031453840,0
0.234764960,1
0.253329770,0
0.456686300,1
0.456686310,0
0.456690960,1
0.475319820,0
0.677854790,1
0.696472960,0
0.899712890,1
0.899712900,0
0.899717660,1
0.918310530,0
1.120814570,1
1.139473380,0
1.342385090,1
1.360957300,0
1.563696990,1
1.563697000,0
1.563701880,1
1.582324000,0
1.784851930,1
1.803475740,0
2.006718810,1
2.006718820,0
2.006723720,1
2.025280470,0
2.078801920,0
