Time [s],Channel 0
0.000000000,0
0.669146200,1
0.669146210,0
0.669150570,1
1.153077880,0
1.356015340,1
1.356015350,0
1.356019670,1
2.010644480,1
